CUT,comuna_nombre,region,region_nombre,tiene_internet_fija,total_hogares,lisa_q,lisa_label,lisa_sig,z,lag_z
1101,Iquique,1,Tarapacá,76.8,71344,1,No significativo,False,1.5275363639004815,0.07338606360978292
1107,Alto Hospicio,1,Tarapacá,60.4,42399,4,No significativo,False,0.7954392058109203,-0.040818117047481006
1401,Pozo Almonte,1,Tarapacá,38.6,5675,2,No significativo,False,-0.17771433360081348,0.4287529114716365
1402,Camiña,1,Tarapacá,5.1,489,3,Bajo-Bajo,True,-1.6731566992105882,-1.670180694502907
1403,Colchane,1,Tarapacá,2.9,353,3,Bajo-Bajo,True,-1.771364854564066,-1.4133514882300244
1404,Huara,1,Tarapacá,9.6,1039,3,No significativo,False,-1.472276381442111,-0.5106017173314329
1405,Pica,1,Tarapacá,31.2,2184,3,No significativo,False,-0.5080508561534205,-0.540786907937913
2101,Antofagasta,2,Antofagasta,78.4,135023,4,No significativo,False,1.5989604768848293,-0.2696728790681609
2102,Mejillones,2,Antofagasta,62.2,4774,1,No significativo,False,0.8757913329183113,0.5778188615617368
2103,Sierra Gorda,2,Antofagasta,29.0,487,2,No significativo,False,-0.6062590115068982,0.4776019030305742
2104,Taltal,2,Antofagasta,49.6,4129,1,No significativo,False,0.3133264431665752,0.04995002653679401
2201,Calama,2,Antofagasta,72.6,56541,4,Alto-Bajo,True,1.3400480673165693,-0.6754511209604848
2202,Ollagüe,2,Antofagasta,12.7,102,2,No significativo,False,-1.3338921625349378,0.4159986055815744
2203,San Pedro De Atacama,2,Antofagasta,6.8,3919,2,No significativo,False,-1.5972685791647192,0.7775831775648334
2301,Tocopilla,2,Antofagasta,68.3,8811,1,No significativo,False,1.1480957636711357,0.5990228951039649
2302,María Elena,2,Antofagasta,46.4,1649,1,No significativo,False,0.17047821719788017,0.34531849377414736
3101,Copiapó,3,Atacama,66.4,57356,4,No significativo,False,1.0632796295022235,-0.38231465725389213
3102,Caldera,3,Atacama,46.0,6984,4,No significativo,False,0.15262218895179339,-0.025938093509075055
3103,Tierra Amarilla,3,Atacama,26.2,3889,3,No significativo,False,-0.7312512092295063,-0.012546072324510105
3201,Chañaral,3,Atacama,17.6,4415,2,No significativo,False,-1.1151558165203737,0.29881842021662963
3202,Diego De Almagro,3,Atacama,35.1,4168,2,No significativo,False,-0.3339545807540735,0.4651026832583136
3301,Vallenar,3,Atacama,56.0,18778,4,Alto-Bajo,True,0.5990228951039649,-0.8354113739983462
3302,Alto Del Carmen,3,Atacama,4.5,1922,3,No significativo,False,-1.6999407415797185,-0.3997986849115188
3303,Freirina,3,Atacama,10.3,2736,3,No significativo,False,-1.4410283320114587,-0.5348348985225507
3304,Huasco,3,Atacama,23.2,3491,2,No significativo,False,-0.8651714210751578,0.07375806419824316
4101,La Serena,4,Coquimbo,71.2,86795,4,No significativo,False,1.2775519684552656,-0.29712652249651933
4102,Coquimbo,4,Coquimbo,68.9,90296,1,No significativo,False,1.1748798060402663,0.2359503207668654
4103,Andacollo,4,Coquimbo,22.5,4067,2,No significativo,False,-0.8964194705058097,0.1990478623916193
4104,La Higuera,4,Coquimbo,12.6,1626,3,No significativo,False,-1.3383561695964594,-0.2786008931912042
4105,Paihuano,4,Coquimbo,9.7,1870,3,No significativo,False,-1.4678123743805895,-0.8919554634442879
4106,Vicuña,4,Coquimbo,39.7,9842,3,Bajo-Bajo,True,-0.12861025592407455,-0.9633795764286355
4201,Illapel,4,Coquimbo,44.0,11593,4,No significativo,False,0.06334204772135907,-0.6857183372019847
4202,Canela,4,Coquimbo,13.1,3779,3,No significativo,False,-1.316036134288851,-0.28663610590194344
4203,Los Vilos,4,Coquimbo,44.7,8543,4,No significativo,False,0.09459009715201121,-0.48573082084581193
4204,Salamanca,4,Coquimbo,37.9,10058,3,No significativo,False,-0.2089623830314656,-0.2678872762435522
4301,Ovalle,4,Coquimbo,49.9,42363,4,Alto-Bajo,True,0.3267184643511402,-0.7922593057369696
4302,Combarbalá,4,Coquimbo,21.8,5256,3,Bajo-Bajo,True,-0.9276675199364617,-0.8283433628176036
4303,Monte Patria,4,Coquimbo,18.6,11220,3,No significativo,False,-1.0705157459051564,-0.636614259525246
4304,Punitaqui,4,Coquimbo,20.4,4463,3,No significativo,False,-0.9901636187977658,-0.7468752339448321
4305,Río Hurtado,4,Coquimbo,5.5,1882,3,No significativo,False,-1.6553006709645013,-0.647327876472898
5101,Valparaíso,5,Valparaíso,70.0,109579,1,Alto-Alto,True,1.223983883717005,0.9531674553180209
5102,Casablanca,5,Valparaíso,43.6,10603,1,Alto-Alto,True,0.045486019475272275,0.5716808518521443
5103,Concón,5,Valparaíso,75.9,18259,1,Alto-Alto,True,1.4873603003467866,1.0757788492744842
5105,Puchuncaví,5,Valparaíso,47.3,8504,1,No significativo,False,0.21065428075157555,0.7079446674050949
5107,Quintero,5,Valparaíso,59.2,13113,1,No significativo,False,0.74187112107266,0.9248954105950502
5109,Viña Del Mar,5,Valparaíso,73.5,132347,1,Alto-Alto,True,1.380224130870265,1.3817121332241058
5301,Los Andes,5,Valparaíso,72.0,23192,1,Alto-Alto,True,1.3132640249474394,0.9014593735220611
5302,Calle Larga,5,Valparaíso,62.9,5769,1,Alto-Alto,True,0.9070393823489632,1.0041315359370606
5303,Rinconada,5,Valparaíso,60.8,4046,1,Alto-Alto,True,0.8132952340570071,0.6768241610333433
5304,San Esteban,5,Valparaíso,62.4,7132,1,No significativo,False,0.8847193470413546,0.41004659616621225
5401,La Ligua,5,Valparaíso,44.0,14322,4,No significativo,False,0.06334204772135907,-0.11298623120874865
5402,Cabildo,5,Valparaíso,37.2,6779,3,No significativo,False,-0.24021043246211743,-0.33321057957715333
5403,Papudo,5,Valparaíso,46.9,2715,1,No significativo,False,0.19279825250548874,0.034326001821467986
5404,Petorca,5,Valparaíso,19.5,3820,3,No significativo,False,-1.0303396823514612,-0.07281016765505319
5405,Zapallar,5,Valparaíso,42.7,2815,1,No significativo,False,0.005309955921576903,0.1916822507401083
5501,Quillota,5,Valparaíso,66.7,33899,1,Alto-Alto,True,1.0766716506867886,0.6470109710153233
5502,Calera,5,Valparaíso,62.8,17536,1,No significativo,False,0.9025753752874414,0.6470109710153233
5503,Hijuelas,5,Valparaíso,38.0,6682,2,No significativo,False,-0.20449837596994383,0.2859046855029416
5504,La Cruz,5,Valparaíso,74.3,8582,1,No significativo,False,1.4159361873624388,0.6224589321769538
5506,Nogales,5,Valparaíso,49.3,7534,1,No significativo,False,0.29993442198200987,0.15708619601331508
5601,San Antonio,5,Valparaíso,57.2,34941,1,No significativo,False,0.6525909798422256,0.1258381465826632
5602,Algarrobo,5,Valparaíso,51.6,6448,1,No significativo,False,0.40260658439700947,0.2307423125284234
5603,Cartagena,5,Valparaíso,45.2,9318,1,No significativo,False,0.11691013245961979,0.2787303884397819
5604,El Quisco,5,Valparaíso,51.9,7727,1,No significativo,False,0.41599860558157453,0.17494222425940192
5605,El Tabo,5,Valparaíso,44.3,6787,1,No significativo,False,0.07673406890592409,0.19279825250548885
5606,Santo Domingo,5,Valparaíso,52.6,4663,4,No significativo,False,0.44724665501222666,-0.41579471021530495
5701,San Felipe,5,Valparaíso,60.1,29681,1,No significativo,False,0.7820471846263553,0.2769766713798982
5702,Catemu,5,Valparaíso,22.5,4928,2,No significativo,False,-0.8964194705058097,0.07928493008393661
5703,Llaillay,5,Valparaíso,48.4,8937,1,No significativo,False,0.25975835842831446,0.016023572869228828
5704,Panquehue,5,Valparaíso,40.0,2442,2,No significativo,False,-0.11521823473950954,0.23967032665146676
5705,Putaendo,5,Valparaíso,37.5,6049,2,No significativo,False,-0.22681841127755242,0.07747807008284446
5706,Santa María,5,Valparaíso,45.8,5362,1,No significativo,False,0.14369417482874983,0.6883030363343994
5801,Quilpué,5,Valparaíso,74.7,59724,1,Alto-Alto,True,1.4337922156085259,0.8414184785445941
5802,Limache,5,Valparaíso,59.3,19916,1,Alto-Alto,True,0.7463351281341813,1.096313281757484
5803,Olmué,5,Valparaíso,39.8,7450,2,No significativo,False,-0.12414624886255309,0.7070518659927905
5804,Villa Alemana,5,Valparaíso,78.6,50084,1,No significativo,False,1.6078884910078723,1.0900636718713537
6101,Rancagua,6,O'Higgins,71.8,92917,1,Alto-Alto,True,1.3043360108243958,0.7399579751891505
6102,Codegua,6,O'Higgins,48.1,4660,1,Alto-Alto,True,0.24636633724374946,1.0775644520990928
6103,Coinco,6,O'Higgins,39.6,2796,2,No significativo,False,-0.13307426298559633,0.2514680595997742
6104,Coltauco,6,O'Higgins,41.8,7553,2,No significativo,False,-0.03486610763211879,0.23669432194378565
6105,Doñihue,6,O'Higgins,49.2,7708,1,No significativo,False,0.29547041492048837,0.5052787468120088
6106,Graneros,6,O'Higgins,68.2,12187,1,No significativo,False,1.1436317566096144,0.8211072464146701
6107,Las Cabras,6,O'Higgins,27.7,9846,3,No significativo,False,-0.6642911033066805,-0.2650813289477385
6108,Machalí,6,O'Higgins,76.6,20491,1,Alto-Alto,True,1.518608349777438,0.7388951163649786
6109,Malloa,6,O'Higgins,28.9,4937,2,No significativo,False,-0.61072301856842,0.36243052084331395
6110,Mostazal,6,O'Higgins,58.7,9140,1,Alto-Alto,True,0.7195510857650513,0.8527272964337822
6111,Olivar,6,O'Higgins,51.0,4713,1,No significativo,False,0.3758225420278791,0.5130907591696718
6112,Peumo,6,O'Higgins,57.2,4867,4,No significativo,False,0.6525909798422256,-0.17771433360081362
6113,Pichidegua,6,O'Higgins,36.6,7253,3,No significativo,False,-0.2669944748312478,-0.29951795485090604
6114,Quinta De Tilcoco,6,O'Higgins,33.6,4856,2,No significativo,False,-0.4009146866768992,0.04883402477141344
6115,Rengo,6,O'Higgins,57.9,22445,1,No significativo,False,0.6838390292728774,0.31183844081273454
6116,Requínoa,6,O'Higgins,55.7,9858,1,Alto-Alto,True,0.5856308739193998,0.749906333783399
6117,San Vicente,6,O'Higgins,48.3,17860,1,No significativo,False,0.2552943513667927,0.01383215122084551
6201,Pichilemu,6,O'Higgins,48.3,7752,4,Alto-Bajo,True,0.2552943513667927,-1.3171521360542313
6202,La Estrella,6,O'Higgins,17.1,1814,3,No significativo,False,-1.1374758518279822,-0.7703112710178213
6203,Litueche,6,O'Higgins,17.0,3410,3,Bajo-Bajo,True,-1.141939858889504,-0.7424112268833105
6204,Marchihue,6,O'Higgins,20.0,3307,3,Bajo-Bajo,True,-1.0080196470438525,-0.6739631186066442
6205,Navidad,6,O'Higgins,21.1,3678,3,No significativo,False,-0.9589155693671136,-0.5452509149994347
6206,Paredones,6,O'Higgins,8.3,2857,3,Bajo-Bajo,True,-1.530308473241893,-0.7758912798447234
6301,San Fernando,6,O'Higgins,63.0,27372,1,No significativo,False,0.9115033894104849,0.11133012363271746
6302,Chépica,6,O'Higgins,27.2,5533,3,No significativo,False,-0.6866111386142891,-0.2899522254333595
6303,Chimbarongo,6,O'Higgins,40.2,13280,3,No significativo,False,-0.10629022061646598,-0.08307738389655316
6304,Lolol,6,O'Higgins,18.0,2898,3,Bajo-Bajo,True,-1.097299788274287,-0.7705344713708973
6305,Nancagua,6,O'Higgins,45.2,6523,4,No significativo,False,0.11691013245961979,-0.11789663897642258
6306,Palmilla,6,O'Higgins,41.9,4455,2,No significativo,False,-0.03040210057059701,0.010889964748478885
6307,Peralillo,6,O'Higgins,38.9,4486,3,No significativo,False,-0.16432231241624848,-0.5348348985225508
6308,Placilla,6,O'Higgins,36.5,3288,2,No significativo,False,-0.27145848189276955,0.29435441315510785
6309,Pumanque,6,O'Higgins,7.0,1777,3,No significativo,False,-1.5883405650416755,-0.5541789291224781
6310,Santa Cruz,6,O'Higgins,47.5,14864,4,No significativo,False,0.2195822948746191,-0.45639591729866924
7101,Talca,7,Maule,68.6,85310,4,No significativo,False,1.1614877848557008,-0.26610167341894353
7102,Constitución,7,Maule,36.0,17599,3,Bajo-Bajo,True,-0.2937785172003781,-0.7696416699585931
7103,Curepto,7,Maule,17.2,3791,3,No significativo,False,-1.1330118447664606,-0.3223481623941171
7104,Empedrado,7,Maule,8.1,1464,3,No significativo,False,-1.5392364873649367,-0.2044983759699439
7105,Maule,7,Maule,63.3,20409,1,No significativo,False,0.92489541059505,0.0017387502723593407
7106,Pelarco,7,Maule,26.4,3247,3,No significativo,False,-0.7223231951064628,-0.12303024709717258
7107,Pencahue,7,Maule,28.2,3423,2,No significativo,False,-0.641971067999072,0.0646174783103652
7108,Río Claro,7,Maule,25.5,5132,3,No significativo,False,-0.7624992586601582,-0.24132643422749797
7109,San Clemente,7,Maule,37.5,16662,3,No significativo,False,-0.22681841127755242,-0.021474086447553525
7110,San Rafael,7,Maule,27.7,3925,3,No significativo,False,-0.6642911033066805,-0.05644214176280693
7201,Cauquenes,7,Maule,42.8,16229,4,Alto-Bajo,True,0.009773962983098364,-0.6825529503765422
7202,Chanco,7,Maule,19.9,3486,3,No significativo,False,-1.0124836541053743,-0.7044671668603759
7203,Pelluhue,7,Maule,20.3,3488,3,No significativo,False,-0.9946276258592874,-0.7416672257063903
7301,Curicó,7,Maule,69.4,57624,4,No significativo,False,1.197199841347875,-0.07236376694890105
7302,Hualañé,7,Maule,36.6,4069,3,Bajo-Bajo,True,-0.2669944748312478,-0.806023327509995
7303,Licantén,7,Maule,33.9,2668,3,No significativo,False,-0.3875226654923342,-0.8607074140136358
7304,Molina,7,Maule,57.1,17351,4,No significativo,False,0.6481269727807039,-0.09557660366881386
7305,Rauco,7,Maule,33.4,4073,3,No significativo,False,-0.4098427007999428,-0.05272213587820542
7306,Romeral,7,Maule,40.5,6128,2,No significativo,False,-0.09289819943190096,0.5409908033041826
7307,Sagrada Familia,7,Maule,42.1,6735,3,No significativo,False,-0.021474086447553453,-0.18154062536783208
7308,Teno,7,Maule,31.7,10737,2,No significativo,False,-0.48573082084581193,0.13551016188262682
7309,Vichuquén,7,Maule,16.1,1894,3,No significativo,False,-1.1821159224431994,-0.7282752045218249
7401,Linares,7,Maule,56.6,35302,4,No significativo,False,0.6258069374730952,-0.337525786403291
7402,Colbún,7,Maule,28.3,8224,3,No significativo,False,-0.6375070609375502,-0.3257705678079504
7403,Longaví,7,Maule,22.2,12001,2,No significativo,False,-0.9098114916903749,0.016916374281533225
7404,Parral,7,Maule,44.2,17047,4,Alto-Bajo,True,0.07227006184440263,-0.7029791645065354
7405,Retiro,7,Maule,32.4,8220,3,No significativo,False,-0.45448277141515997,-0.08731819060499885
7406,San Javier,7,Maule,53.3,18078,4,No significativo,False,0.47849470444287845,-0.28976091084500866
7407,Villa Alegre,7,Maule,45.8,6674,1,No significativo,False,0.14369417482874983,0.11393412775193851
7408,Yerbas Buenas,7,Maule,25.5,7105,2,No significativo,False,-0.7624992586601582,0.2180942925207785
8101,Concepción,8,Biobío,77.1,92197,1,Alto-Alto,True,1.5409283850850466,0.9739994882717891
8102,Coronel,8,Biobío,76.6,41939,1,No significativo,False,1.518608349777438,0.8021352164032031
8103,Chiguayante,8,Biobío,82.1,29395,1,No significativo,False,1.7641287381611324,1.096759682463636
8104,Florida,8,Biobío,20.3,4956,2,No significativo,False,-0.9946276258592874,0.3190658808171031
8105,Hualqui,8,Biobío,57.2,8824,1,No significativo,False,0.6525909798422256,0.41408545969806526
8106,Lota,8,Biobío,70.5,13835,1,No significativo,False,1.2463039190246137,0.48742271856592195
8107,Penco,8,Biobío,71.7,16858,1,No significativo,False,1.2998720037628744,0.6938830451613014
8108,San Pedro De La Paz,8,Biobío,80.7,52351,1,No significativo,False,1.7016326392998287,1.518608349777438
8109,Santa Juana,8,Biobío,33.8,5603,2,Bajo-Alto,True,-0.391986672553856,0.6202269286461931
8110,Talcahuano,8,Biobío,76.4,51086,1,Alto-Alto,True,1.509680335654395,1.4843842956391051
8111,Tomé,8,Biobío,58.7,20751,4,No significativo,False,0.7195510857650513,-0.1955703618469004
8112,Hualpén,8,Biobío,78.7,30684,1,Alto-Alto,True,1.6123524980693944,1.525304360369721
8201,Lebu,8,Biobío,57.3,8825,1,No significativo,False,0.6570549869037471,0.3728465373201979
8202,Arauco,8,Biobío,50.1,13212,1,No significativo,False,0.3356464784741838,0.565542842142552
8203,Cañete,8,Biobío,31.0,12568,3,No significativo,False,-0.5169788702764639,-0.4401979488182905
8204,Contulmo,8,Biobío,32.1,2290,3,Bajo-Bajo,True,-0.467874792599725,-1.1586798853702105
8205,Curanilahue,8,Biobío,59.4,11133,1,No significativo,False,0.7507991351957032,0.27017437490519847
8206,Los Álamos,8,Biobío,43.3,7997,1,No significativo,False,0.03209399829070694,0.3791705473240204
8207,Tirúa,8,Biobío,2.5,3609,3,Bajo-Bajo,True,-1.7892208828101528,-0.9232035128749401
8301,Los Ángeles,8,Biobío,55.6,78739,4,No significativo,False,0.5811668668578781,-0.17860713501311787
8302,Antuco,8,Biobío,22.0,1723,3,Bajo-Bajo,True,-0.9187395058134182,-0.6642911033066805
8303,Cabrero,8,Biobío,45.1,11393,4,No significativo,False,0.112446125398098,-0.38216585701850814
8304,Laja,8,Biobío,45.7,8565,1,No significativo,False,0.13923016776722835,0.00263155168466378
8305,Mulchén,8,Biobío,51.2,10169,4,No significativo,False,0.3847505561509227,-0.44109075023059463
8306,Nacimiento,8,Biobío,50.7,9234,1,No significativo,False,0.3624305208433141,0.030180852407197784
8307,Negrete,8,Biobío,24.0,3762,2,No significativo,False,-0.829459364582984,0.1660142101363586
8308,Quilaco,8,Biobío,24.8,1731,3,Bajo-Bajo,True,-0.7937473080908102,-0.728275204521825
8309,Quilleco,8,Biobío,30.4,3584,3,No significativo,False,-0.5437629126455943,-0.21119438656222633
8310,San Rosendo,8,Biobío,41.6,1323,3,No significativo,False,-0.04379412175516203,-0.023706089978314346
8311,Santa Bárbara,8,Biobío,28.1,5218,3,No significativo,False,-0.6464350750605936,-0.4961468373226959
8312,Tucapel,8,Biobío,45.7,6182,4,No significativo,False,0.13923016776722835,-0.3227945631002693
8313,Yumbel,8,Biobío,31.5,8894,3,No significativo,False,-0.4946588349688553,-0.007444349968485212
8314,Alto Biobío,8,Biobío,4.8,2030,3,Bajo-Bajo,True,-1.6865487203951535,-1.006903645278472
9101,Temuco,9,La Araucanía,68.8,110729,4,No significativo,False,1.1704157989787443,-0.5206988761610654
9102,Carahue,9,La Araucanía,20.6,9095,3,Bajo-Bajo,True,-0.9812356046747223,-1.2833000825043583
9103,Cunco,9,La Araucanía,23.3,7332,3,Bajo-Bajo,True,-0.8607074140136359,-0.5769241079597555
9104,Curarrehue,9,La Araucanía,14.4,2907,3,Bajo-Bajo,True,-1.2580040424890686,-0.8138353398676581
9105,Freire,9,La Araucanía,20.2,9724,3,No significativo,False,-0.9990916329208092,-0.3763626478385298
9106,Galvarino,9,La Araucanía,13.5,4516,3,No significativo,False,-1.298180106042764,-0.3838026596077328
9107,Gorbea,9,La Araucanía,32.7,5587,3,No significativo,False,-0.44109075023059463,-0.4779188084881488
9108,Lautaro,9,La Araucanía,47.8,14825,4,No significativo,False,0.23297431605918412,-0.2394664312851973
9109,Loncoche,9,La Araucanía,41.5,9576,3,No significativo,False,-0.04825812881668381,-0.2454184407005595
9110,Melipeuco,9,La Araucanía,7.3,2632,3,Bajo-Bajo,True,-1.5749485438571105,-0.946416349594853
9111,Nueva Imperial,9,La Araucanía,33.2,12117,3,No significativo,False,-0.41877071492298606,-0.5281388879302682
9112,Padre Las Casas,9,La Araucanía,39.9,27719,3,No significativo,False,-0.11968224180103132,-0.3187769567448998
9113,Perquenco,9,La Araucanía,26.9,2742,3,No significativo,False,-0.7000031597988543,-0.24355843775825886
9114,Pitrufquén,9,La Araucanía,40.2,10272,3,No significativo,False,-0.10629022061646598,-0.6040270079761372
9115,Pucón,9,La Araucanía,41.4,12565,3,No significativo,False,-0.05272213587820559,-0.608491015037659
9116,Saavedra,9,La Araucanía,8.4,4930,3,Bajo-Bajo,True,-1.5258444661803716,-1.0928357812127651
9117,Teodoro Schmidt,9,La Araucanía,15.6,6051,3,Bajo-Bajo,True,-1.204435957750808,-0.902371479921172
9118,Toltén,9,La Araucanía,11.6,3860,3,No significativo,False,-1.3829962402116767,-0.5314868932264094
9119,Vilcún,9,La Araucanía,31.7,11237,3,No significativo,False,-0.48573082084581193,-0.2684824771850885
9120,Villarrica,9,La Araucanía,52.7,25214,4,No significativo,False,0.45171066207374844,-0.4723387996612467
9121,Cholchol,9,La Araucanía,19.4,4553,3,Bajo-Bajo,True,-1.0348036894129828,-0.6508990821221154
9201,Angol,9,La Araucanía,56.6,19276,4,No significativo,False,0.6258069374730952,-0.2729464842466101
9202,Collipulli,9,La Araucanía,36.0,8814,3,No significativo,False,-0.2937785172003781,-0.20513609126444696
9203,Curacautín,9,La Araucanía,32.3,7109,3,Bajo-Bajo,True,-0.45894677847668175,-0.6068967268014014
9204,Ercilla,9,La Araucanía,23.2,2789,3,No significativo,False,-0.8651714210751578,-0.04736532740437943
9205,Lonquimay,9,La Araucanía,5.2,3774,3,Bajo-Bajo,True,-1.6686926921490663,-1.128547837704939
9206,Los Sauces,9,La Araucanía,27.8,2720,3,No significativo,False,-0.6598270962451588,-0.5625117423039855
9207,Lumaco,9,La Araucanía,3.9,3404,3,Bajo-Bajo,True,-1.7267247839488489,-0.8847014519693152
9208,Purén,9,La Araucanía,29.1,4518,3,No significativo,False,-0.6017950044453765,-0.5491197211194203
9209,Renaico,9,La Araucanía,27.7,3837,2,No significativo,False,-0.6642911033066805,0.049950026536794014
9210,Traiguén,9,La Araucanía,37.1,7044,3,Bajo-Bajo,True,-0.2446744395236392,-0.8190433481060999
9211,Victoria,9,La Araucanía,50.1,12479,4,No significativo,False,0.3356464784741838,-0.38826666666925447
10101,Puerto Montt,10,Los Lagos,62.2,100585,4,No significativo,False,0.8757913329183113,-0.61072301856842
10102,Calbuco,10,Los Lagos,27.4,13417,3,No significativo,False,-0.6776831244912457,-0.17325032653929184
10103,Cochamó,10,Los Lagos,7.1,1891,2,No significativo,False,-1.5838765579801537,0.27463838196672014
10104,Fresia,10,Los Lagos,34.0,4856,2,No significativo,False,-0.38305865843081244,0.21623428957847785
10105,Frutillar,10,Los Lagos,57.2,8164,1,No significativo,False,0.6525909798422256,0.16690701154866283
10106,Los Muermos,10,Los Lagos,26.0,6666,2,No significativo,False,-0.7401792233525497,0.2544015499544885
10107,Llanquihue,10,Los Lagos,61.2,6209,1,No significativo,False,0.8311512623030942,0.17494222425940192
10108,Maullín,10,Los Lagos,15.2,5965,3,No significativo,False,-1.222291985996895,-0.18069033830849468
10109,Puerto Varas,10,Los Lagos,68.8,19137,4,No significativo,False,1.1704157989787443,-0.2529647383521796
10201,Castro,10,Los Lagos,44.1,18004,4,No significativo,False,0.06780605478288085,-0.9611475728978744
10202,Ancud,10,Los Lagos,36.0,15726,3,Bajo-Bajo,True,-0.2937785172003781,-1.1129238129896128
10203,Chonchi,10,Los Lagos,20.8,6357,3,No significativo,False,-0.9723075905516788,-0.5259068843995073
10204,Curaco De Vélez,10,Los Lagos,15.6,1423,3,Bajo-Bajo,True,-1.204435957750808,-1.3071081201658075
10205,Dalcahue,10,Los Lagos,21.3,5615,3,No significativo,False,-0.9499875552440702,-0.5006108443842175
10206,Puqueldón,10,Los Lagos,11.8,1558,3,No significativo,False,-1.3740682260886332,-1.204435957750808
10207,Queilén,10,Los Lagos,17.9,2241,3,No significativo,False,-1.1017637953358086,-0.9723075905516788
10208,Quellón,10,Los Lagos,30.4,10904,3,Bajo-Bajo,True,-0.5437629126455943,-1.110691809458852
10209,Quemchi,10,Los Lagos,14.0,3376,3,No significativo,False,-1.2758600707351555,-0.6218830362222242
10210,Quinchao,10,Los Lagos,14.8,3016,3,No significativo,False,-1.2401480142429817,-1.204435957750808
10301,Osorno,10,Los Lagos,60.5,62744,4,Alto-Bajo,True,0.799903212872442,-0.9562371651302007
10302,Puerto Octay,10,Los Lagos,22.3,3354,2,No significativo,False,-0.9053474846288531,0.20767827604389447
10303,Purranque,10,Los Lagos,45.3,7312,4,No significativo,False,0.12137413952114125,-0.30828654015032364
10304,Puyehue,10,Los Lagos,22.4,4409,2,No significativo,False,-0.9008834775673314,0.04727162229988091
10305,Río Negro,10,Los Lagos,29.2,5277,3,No significativo,False,-0.5973309973838548,-0.44443875552673606
10306,San Juan De La Costa,10,Los Lagos,2.4,3343,3,No significativo,False,-1.7936848898716744,-0.07281016765505322
10307,San Pablo,10,Los Lagos,29.5,4195,3,No significativo,False,-0.5839389761992896,-0.4098427007999427
10401,Chaitén,10,Los Lagos,25.3,1681,3,No significativo,False,-0.7714272727832017,-0.4712227978958663
10402,Futaleufú,10,Los Lagos,38.5,1337,3,No significativo,False,-0.18217834066233526,-0.6330430538760285
10403,Hualaihué,10,Los Lagos,15.2,3713,3,Bajo-Bajo,True,-1.222291985996895,-1.1776519153816776
10404,Palena,10,Los Lagos,31.5,869,3,No significativo,False,-0.4946588349688553,-0.5895189850261917
11101,Coyhaique,11,Aysén,53.7,22543,4,No significativo,False,0.49635073268896557,-0.48349881731505095
11102,Lago Verde,11,Aysén,10.8,376,2,No significativo,False,-1.4187082967038502,0.005309955921576787
11201,Aysén,11,Aysén,47.5,9126,4,No significativo,False,0.2195822948746191,-0.34065059134635617
11202,Cisnes,11,Aysén,42.9,2183,4,No significativo,False,0.014237970044620143,-0.3937722753784645
11203,Guaitecas,11,Aysén,14.6,609,3,No significativo,False,-1.2490760283660252,-0.5437629126455943
11301,Cochrane,11,Aysén,38.3,1469,3,No significativo,False,-0.19110635478537882,-0.6933071492065718
11302,O'Higgins,11,Aysén,11.7,292,3,No significativo,False,-1.378532233150155,-0.13009825827791532
11303,Tortel,11,Aysén,8.2,234,3,No significativo,False,-1.534772480303415,-0.0036180582014667118
11401,Chile Chico,11,Aysén,40.8,2114,3,No significativo,False,-0.07950617824733594,-0.2402104324621176
11402,Río Ibáñez,11,Aysén,25.8,1239,2,No significativo,False,-0.749107237475593,0.21214228310541622
12101,Punta Arenas,12,Magallanes,76.4,49779,4,Alto-Bajo,True,1.509680335654395,-1.4209403002346113
12102,Laguna Blanca,12,Magallanes,5.1,101,2,No significativo,False,-1.6731566992105882,0.10351811127505461
12103,Río Verde,12,Magallanes,14.3,63,3,No significativo,False,-1.2624680495505902,-0.16878631947777012
12104,San Gregorio,12,Magallanes,16.4,113,3,No significativo,False,-1.1687239012586343,-0.08173818177809655
12201,Cabo De Hornos,12,Magallanes,43.4,622,4,No significativo,False,0.036558005352228716,-1.2401480142429817
12301,Porvenir,12,Magallanes,66.2,2781,4,No significativo,False,1.0543516153791799,-1.0906037776820043
12302,Primavera,12,Magallanes,21.5,181,2,No significativo,False,-0.9410595411210269,1.0543516153791799
12303,Timaukel,12,Magallanes,14.8,63,2,No significativo,False,-1.2401480142429817,0.5454548103657043
12401,Natales,12,Magallanes,72.5,9536,4,Alto-Bajo,True,1.335584060255048,-1.3713898218517204
12402,Torres Del Paine,12,Magallanes,20.0,101,2,No significativo,False,-1.0080196470438525,1.335584060255048
13101,Santiago,13,Metropolitana,69.2,208348,1,Alto-Alto,True,1.1882718272248314,1.4445058325561777
13102,Cerrillos,13,Metropolitana,67.8,28279,1,Alto-Alto,True,1.1257757283635272,1.3150496277720483
13103,Cerro Navia,13,Metropolitana,64.9,42018,1,Alto-Alto,True,0.9963195235793978,1.2585799384437983
13104,Conchalí,13,Metropolitana,70.2,40890,1,Alto-Alto,True,1.2329118978400486,1.3266560461320045
13105,El Bosque,13,Metropolitana,71.2,50477,1,Alto-Alto,True,1.2775519684552656,1.2742039631591242
13106,Estación Central,13,Metropolitana,72.0,68183,1,Alto-Alto,True,1.3132640249474394,1.2845668366947995
13107,Huechuraba,13,Metropolitana,78.1,32057,1,Alto-Alto,True,1.5855684557002636,1.520096352131279
13108,Independencia,13,Metropolitana,69.7,45569,1,Alto-Alto,True,1.21059186253244,1.1648357901518425
13109,La Cisterna,13,Metropolitana,76.1,38159,1,Alto-Alto,True,1.4962883144698294,1.28871198610907
13110,La Florida,13,Metropolitana,80.6,133971,1,Alto-Alto,True,1.6971686322383066,1.3075245872969112
13111,La Granja,13,Metropolitana,69.4,37274,1,Alto-Alto,True,1.197199841347875,1.4311138113716126
13112,La Pintana,13,Metropolitana,69.1,54319,1,Alto-Alto,True,1.1838078201633093,1.3712961167472215
13113,La Reina,13,Metropolitana,87.8,30645,1,Alto-Alto,True,2.0185771406678703,1.8991649517721645
13114,Las Condes,13,Metropolitana,91.5,116322,1,Alto-Alto,True,2.183745401944174,1.7142806593074733
13115,Lo Barnechea,13,Metropolitana,84.5,32513,1,Alto-Alto,True,1.8712649076376537,1.5349763756696846
13116,Lo Espejo,13,Metropolitana,65.1,27529,1,Alto-Alto,True,1.0052475377024408,1.4043297690024823
13117,Lo Prado,13,Metropolitana,67.0,31971,1,Alto-Alto,True,1.0900636718713537,1.2518839278515157
13118,Macul,13,Metropolitana,80.8,47638,1,Alto-Alto,True,1.70609664636135,1.614584501600155
13119,Maipú,13,Metropolitana,81.5,167650,1,Alto-Alto,True,1.7373446957920022,1.15511063191067
13120,Ñuñoa,13,Metropolitana,88.2,108724,1,Alto-Alto,True,2.036433168913957,1.6056564874771115
13121,Pedro Aguirre Cerda,13,Metropolitana,68.4,32556,1,Alto-Alto,True,1.1525597707326578,1.3348400590781275
13122,Peñalolén,13,Metropolitana,73.5,76321,1,Alto-Alto,True,1.380224130870265,1.723952674607437
13123,Providencia,13,Metropolitana,87.3,69431,1,Alto-Alto,True,1.9962571053602616,1.7894247781764223
13124,Pudahuel,13,Metropolitana,74.5,74288,1,Alto-Alto,True,1.4248642014854822,1.1932938351690434
13125,Quilicura,13,Metropolitana,78.4,65227,1,Alto-Alto,True,1.5989604768848293,1.2663919508014612
13126,Quinta Normal,13,Metropolitana,71.1,45855,1,Alto-Alto,True,1.2730879613937436,1.166844593329527
13127,Recoleta,13,Metropolitana,64.8,56276,1,Alto-Alto,True,0.9918555165178757,1.588544460407945
13128,Renca,13,Metropolitana,70.5,46588,1,Alto-Alto,True,1.2463039190246137,1.2750011072772531
13129,San Joaquín,13,Metropolitana,72.7,33568,1,Alto-Alto,True,1.3445120743780914,1.617560506307836
13130,San Miguel,13,Metropolitana,84.7,60402,1,Alto-Alto,True,1.8801929217606972,1.204852424881912
13131,San Ramón,13,Metropolitana,66.1,25014,1,Alto-Alto,True,1.0498876083176578,1.4070081732393953
13132,Vitacura,13,Metropolitana,94.5,31142,1,Alto-Alto,True,2.317665613789825,1.7257382774320458
13201,Puente Alto,13,Metropolitana,79.3,183615,1,Alto-Alto,True,1.6391365404385243,1.2269598884246862
13202,Pirque,13,Metropolitana,63.7,9195,1,Alto-Alto,True,0.9427514388411371,1.1607437836787806
13203,San José De Maipo,13,Metropolitana,58.3,6383,1,Alto-Alto,True,0.7016950575189642,1.3512080849703738
13301,Colina,13,Metropolitana,67.4,51045,1,Alto-Alto,True,1.1079197001174408,1.1966418404651846
13302,Lampa,13,Metropolitana,65.0,45519,1,Alto-Alto,True,1.0007835306409192,1.1019676907020783
13303,Tiltil,13,Metropolitana,53.4,6592,1,No significativo,False,0.48295871150440023,0.6124149162885301
13401,San Bernardo,13,Metropolitana,73.2,99053,1,Alto-Alto,True,1.3668321096857001,1.2444439160823126
13402,Buin,13,Metropolitana,75.5,37708,1,Alto-Alto,True,1.4695042721006994,1.2257694865416138
13403,Calera De Tango,13,Metropolitana,60.5,7859,1,Alto-Alto,True,0.799903212872442,1.4079009746517
13404,Paine,13,Metropolitana,66.5,25952,1,Alto-Alto,True,1.067743636563745,0.9873915094563541
13501,Melipilla,13,Metropolitana,57.5,46619,1,Alto-Alto,True,0.6659830010267906,0.7298183020065512
13502,Alhué,13,Metropolitana,65.3,2777,1,No significativo,False,1.0141755518254842,0.3951665726278066
13503,Curacaví,13,Metropolitana,55.2,12020,1,Alto-Alto,True,0.5633108386117913,1.0175235571216257
13504,María Pinto,13,Metropolitana,50.2,5248,1,No significativo,False,0.34011048553570555,0.4088561942831399
13505,San Pedro,13,Metropolitana,21.5,3975,2,No significativo,False,-0.9410595411210269,0.002121379449061267
13601,Talagante,13,Metropolitana,68.2,24483,1,Alto-Alto,True,1.1436317566096144,1.0552444167914843
13602,El Monte,13,Metropolitana,58.2,12174,1,Alto-Alto,True,0.6972310504574427,1.0554676171445603
13603,Isla De Maipo,13,Metropolitana,67.5,13043,1,Alto-Alto,True,1.1123837071789622,1.0684876377406654
13604,Padre Hurtado,13,Metropolitana,76.0,26172,1,Alto-Alto,True,1.491824307408308,1.0132827504131803
13605,Peñaflor,13,Metropolitana,71.7,30805,1,Alto-Alto,True,1.2998720037628744,0.9597146656749196
14101,Valdivia,14,Los Ríos,71.9,63322,4,No significativo,False,1.3088000178859178,-0.5875101818485071
14102,Corral,14,Los Ríos,15.2,2133,2,No significativo,False,-1.222291985996895,0.3505265020125895
14103,Lanco,14,Los Ríos,37.3,6435,3,No significativo,False,-0.23574642540059598,-0.4187707149229862
14104,Los Lagos,14,Los Ríos,31.2,7910,3,No significativo,False,-0.5080508561534205,-0.1366454686348138
14105,Máfil,14,Los Ríos,31.7,2954,3,No significativo,False,-0.48573082084581193,-0.11521823473950953
14106,Mariquina,14,Los Ríos,34.2,8230,3,No significativo,False,-0.3741306443077689,-0.2141703912699075
14107,Paillaco,14,Los Ríos,34.8,7304,3,No significativo,False,-0.34734660193863887,-0.14468068134555284
14108,Panguipulli,14,Los Ríos,25.4,13326,3,No significativo,False,-0.76696326572168,-0.31609855250798674
14201,La Unión,14,Los Ríos,44.6,14616,4,Alto-Bajo,True,0.09012609009048943,-0.8205313504599406
14202,Futrono,14,Los Ríos,33.8,5763,3,No significativo,False,-0.391986672553856,-0.5384061041717683
14203,Lago Ranco,14,Los Ríos,16.6,4090,3,No significativo,False,-1.159795887135591,-0.18217834066233524
14204,Río Bueno,14,Los Ríos,37.1,12942,3,No significativo,False,-0.2446744395236392,-0.6386230627029306
15101,Arica,15,Arica y Parinacota,69.8,80658,4,Alto-Bajo,True,1.2150558695939615,-1.7445808121949355
15102,Camarones,15,Arica y Parinacota,3.0,437,3,Bajo-Bajo,True,-1.766900847502544,-1.0696229444928522
15201,Putre,15,Arica y Parinacota,5.7,621,3,Bajo-Bajo,True,-1.6463726568414576,-1.0359196911783632
15202,General Lagos,15,Arica y Parinacota,1.8,227,3,No significativo,False,-1.820468932240805,-0.21565839362374806
16101,Chillán,16,Ñuble,65.3,70266,4,Alto-Bajo,True,1.0141755518254842,-0.5567085331240073
16102,Bulnes,16,Ñuble,35.7,8775,3,No significativo,False,-0.3071705383849432,-0.29229051484653756
16103,Chillán Viejo,16,Ñuble,56.1,11764,4,No significativo,False,0.6034869021654867,-0.10480221826262556
16104,El Carmen,16,Ñuble,25.5,5014,3,Bajo-Bajo,True,-0.7624992586601582,-0.8138353398676581
16105,Pemuco,16,Ñuble,18.2,3245,3,No significativo,False,-1.0883717741512435,-0.45076276553055844
16106,Pinto,16,Ñuble,23.8,4783,3,No significativo,False,-0.8383873787060274,-0.5628943714806872
16107,Quillón,16,Ñuble,31.4,7533,3,No significativo,False,-0.4991228420303771,-0.3919866725538559
16108,San Ignacio,16,Ñuble,19.7,6621,3,No significativo,False,-1.0214116682284178,-0.058078944352031564
16109,Yungay,16,Ñuble,33.4,7316,3,No significativo,False,-0.4098427007999428,-0.3354425831079141
16201,Quirihue,16,Ñuble,41.3,4650,3,No significativo,False,-0.05718614293972736,-0.7725432745485822
16202,Cobquecura,16,Ñuble,15.2,2312,3,No significativo,False,-1.222291985996895,-0.41765471315760583
16203,Coelemu,16,Ñuble,40.3,5642,3,No significativo,False,-0.10182621355494452,-0.50693485438804
16204,Ninhue,16,Ñuble,14.6,2309,3,No significativo,False,-1.2490760283660252,-0.40686669609226167
16205,Portezuelo,16,Ñuble,17.2,2047,3,No significativo,False,-1.1330118447664606,-0.42100271845374704
16206,Ránquil,16,Ñuble,20.5,2618,3,No significativo,False,-0.985699611736244,-0.16581031477008898
16207,Trehuaco,16,Ñuble,28.5,2336,3,Bajo-Bajo,True,-0.6285790468145068,-0.7526784431248106
16301,San Carlos,16,Ñuble,41.3,20691,3,No significativo,False,-0.05718614293972736,-0.5399366208785756
16302,Coihueco,16,Ñuble,25.7,10473,3,No significativo,False,-0.7535712445371149,-0.15874230358934635
16303,Ñiquén,16,Ñuble,9.6,4921,3,No significativo,False,-1.472276381442111,-0.18217834066233532
16304,San Fabián,16,Ñuble,25.7,2023,3,No significativo,False,-0.7535712445371149,-0.5696541536024202
16305,San Nicolás,16,Ñuble,29.7,5445,3,No significativo,False,-0.5750109620762462,-0.3562746160616822
